quantity,band,network,aqvar,r,ci_lo,ci_hi,p,n,q4,level,cond_conn
auc_degree,theta,Vis,total,-0.0634690157741497,-0.379685115371428,0.266026476806972,0.709004947761194,39,0.926112454436775,network,open_aec
auc_degree,theta,Vis,social,-0.257415003100172,-0.536676034078032,0.0726709086631458,0.124023419076623,39,0.578775955690907,network,open_aec
auc_degree,theta,Vis,switching,-0.0250958372457141,-0.34630432635541,0.301379400007584,0.882788145941347,39,0.972624555604369,network,open_aec
auc_degree,theta,Vis,detail,0.181317417355319,-0.151614659815133,0.477299950376139,0.282827452785959,39,0.714834540383468,network,open_aec
auc_degree,theta,Vis,communication,-0.0036250331568161,-0.327265148078582,0.320776270976145,0.983011579688044,39,0.985636415682115,network,open_aec
auc_degree,theta,Vis,imagination,-0.027132553493501,-0.348096742220378,0.29952527716112,0.87334944838325,39,0.972624555604369,network,open_aec
auc_degree,theta,SomMot,total,0.204374793598172,-0.128135149682097,0.495580745626093,0.224995241970989,39,0.714834540383468,network,open_aec
auc_degree,theta,SomMot,social,0.280929715738484,-0.0474104925396576,0.554480885576909,0.0921260956208961,39,0.575837735486425,network,open_aec
auc_degree,theta,SomMot,switching,0.0910763108192491,-0.240031777308117,0.403201955319394,0.591891246907409,39,0.920719717411525,network,open_aec
auc_degree,theta,SomMot,detail,-0.0592330602191227,-0.376040253637791,0.269973043103437,0.727659785628895,39,0.926112454436775,network,open_aec
auc_degree,theta,SomMot,communication,0.103541267308829,-0.228137236779155,0.413686638476126,0.5419659744133,39,0.910502837014345,network,open_aec
auc_degree,theta,SomMot,imagination,0.128615387049362,-0.203906857710864,0.434531027205128,0.44806540494423,39,0.817248466729069,network,open_aec
auc_degree,theta,DorsAttn,total,0.400750109724085,0.0881754199265978,0.641477005074036,0.0139711897378011,39,0.338794822626221,network,open_aec
auc_degree,theta,DorsAttn,social,0.290310812572536,-0.0372143839056566,0.561514853797946,0.0813262727749331,39,0.575837735486425,network,open_aec
auc_degree,theta,DorsAttn,switching,0.304649020009489,-0.0214976102102456,0.572190471775284,0.0667492886468214,39,0.575837735486425,network,open_aec
auc_degree,theta,DorsAttn,detail,-0.131341853883844,-0.436777985043233,0.201247347390437,0.438418832928454,39,0.817248466729069,network,open_aec
auc_degree,theta,DorsAttn,communication,0.392955643432681,0.078988514409817,0.636000021310527,0.0161330867917248,39,0.338794822626221,network,open_aec
auc_degree,theta,DorsAttn,imagination,0.275077589819844,-0.0537365725848096,0.550073061853473,0.0994010206443879,39,0.575837735486425,network,open_aec
auc_degree,theta,SalVentAttn,total,-0.0596523307091658,-0.376401455971385,0.26958290867209,0.725806246856258,39,0.926112454436775,network,open_aec
auc_degree,theta,SalVentAttn,social,0.0401536686562716,-0.287612918244833,0.359500805641608,0.813465910111586,39,0.949043561796851,network,open_aec
auc_degree,theta,SalVentAttn,switching,-0.080056327535047,-0.393863933593925,0.250465316605058,0.637635702631337,39,0.92347239691435,network,open_aec
auc_degree,theta,SalVentAttn,detail,0.00306487568212094,-0.321278704996339,0.326764887591225,0.985636415682115,39,0.985636415682115,network,open_aec
auc_degree,theta,SalVentAttn,communication,-0.0410007779245544,-0.360239424881327,0.286834411508584,0.809602213313074,39,0.949043561796851,network,open_aec
auc_degree,theta,SalVentAttn,imagination,-0.127848964539658,-0.433898710473378,0.204653575745744,0.45079771015004,39,0.817248466729069,network,open_aec
auc_degree,theta,Limbic,total,-0.147715292333614,-0.450192098740633,0.185172194627096,0.382947690231615,39,0.817248466729069,network,open_aec
auc_degree,theta,Limbic,social,0.0605583498099156,-0.268739481619305,0.377181664436612,0.721806111474355,39,0.926112454436775,network,open_aec
auc_degree,theta,Limbic,switching,-0.0968131425999419,-0.408037592281794,0.234569792862413,0.568663539775395,39,0.918610333483331,network,open_aec
auc_degree,theta,Limbic,detail,-0.200762710598458,-0.49273388607121,0.131838150628527,0.23347502990809,39,0.714834540383468,network,open_aec
auc_degree,theta,Limbic,communication,0.020713096377313,-0.305360869149892,0.342439317833668,0.9031513730612,39,0.972624555604369,network,open_aec
auc_degree,theta,Limbic,imagination,-0.267339518868764,-0.544221124212913,0.0620610091481172,0.10968337818789,39,0.575837735486425,network,open_aec
auc_degree,theta,Cont,total,0.0537717485131506,-0.275044981033484,0.371326511601597,0.751939273228386,39,0.92886616104683,network,open_aec
auc_degree,theta,Cont,social,0.00481702821934475,-0.31970650140418,0.328329081056849,0.977426641969562,39,0.985636415682115,network,open_aec
auc_degree,theta,Cont,switching,0.0838078549545139,-0.246922030775227,0.397050160641465,0.621902823944564,39,0.92347239691435,network,open_aec
auc_degree,theta,Cont,detail,0.132965108278102,-0.199661624708722,0.438113946951264,0.432730249938518,39,0.817248466729069,network,open_aec
auc_degree,theta,Cont,communication,-0.226080607827265,-0.512557397552263,0.105686011174059,0.178466711923321,39,0.687664349813219,network,open_aec
auc_degree,theta,Cont,imagination,0.178923711299556,-0.154030850886408,0.475387332737211,0.289337790155213,39,0.714834540383468,network,open_aec
auc_degree,theta,Default,total,-0.311514490531502,-0.57727030814629,0.0139145404336653,0.0605407088926745,39,0.575837735486425,network,open_aec
auc_degree,theta,Default,social,-0.123354940459912,-0.43018495722505,0.209024286010448,0.466999123845182,39,0.817248466729069,network,open_aec
auc_degree,theta,Default,switching,-0.225253773136406,-0.511914787210371,0.106547402002259,0.180102567808224,39,0.687664349813219,network,open_aec
auc_degree,theta,Default,detail,-0.159201137369806,-0.459521222383829,0.173788263175629,0.346619448338175,39,0.808778712789074,network,open_aec
auc_degree,theta,Default,communication,-0.183758062743211,-0.479247190352051,0.14914698511086,0.276287987452151,39,0.714834540383468,network,open_aec
auc_degree,theta,Default,imagination,-0.191324206617787,-0.485265317880467,0.141470604918264,0.256646366448091,39,0.714834540383468,network,open_aec
auc_degree,alpha,Vis,total,0.136814421505636,-0.195894335244093,0.441276608315891,0.419405273314388,39,0.992872986330961,network,open_aec
auc_degree,alpha,Vis,social,0.0860510416681827,-0.244799126531386,0.398951731605912,0.61257327284305,39,0.992872986330961,network,open_aec
auc_degree,alpha,Vis,switching,-0.00207061005217351,-0.325876490693851,0.32217006344611,0.990295783456845,39,0.992872986330961,network,open_aec
auc_degree,alpha,Vis,detail,0.280338922705798,-0.0480503304705789,0.554036595454455,0.0928414037834819,39,0.992872986330961,network,open_aec
auc_degree,alpha,Vis,communication,-0.10290427545003,-0.413152830960992,0.228747488832893,0.544467728655754,39,0.992872986330961,network,open_aec
auc_degree,alpha,Vis,imagination,0.122315204355959,-0.210033604271251,0.429324262453779,0.470790958993761,39,0.992872986330961,network,open_aec
auc_degree,alpha,SomMot,total,-0.110769794797051,-0.419729335517165,0.221193843762245,0.513966788206674,39,0.992872986330961,network,open_aec
auc_degree,alpha,SomMot,social,-0.0824012197085933,-0.395856368888004,0.248251622965844,0.627783012380453,39,0.992872986330961,network,open_aec
auc_degree,alpha,SomMot,switching,0.114967861380349,-0.217145865020934,0.423226187976145,0.498043222745718,39,0.992872986330961,network,open_aec
auc_degree,alpha,SomMot,detail,-0.336469350364147,-0.595563017833482,-0.0139676426622601,0.0417287208785897,39,0.992872986330961,network,open_aec
auc_degree,alpha,SomMot,communication,0.0503515193863277,-0.278212066229335,0.36836610015199,0.767266810367613,39,0.992872986330961,network,open_aec
auc_degree,alpha,SomMot,imagination,-0.0492791141283425,-0.367436539697062,0.27920362973106,0.772091018649489,39,0.992872986330961,network,open_aec
auc_degree,alpha,DorsAttn,total,-0.0830250016730497,-0.396385894728755,0.247662159967294,0.625172584893056,39,0.992872986330961,network,open_aec
auc_degree,alpha,DorsAttn,social,-0.0757641585117903,-0.390209258183039,0.254508401981099,0.65582897782267,39,0.992872986330961,network,open_aec
auc_degree,alpha,DorsAttn,switching,0.0344501219963353,-0.292843315920354,0.354517278001301,0.839588789425349,39,0.992872986330961,network,open_aec
auc_degree,alpha,DorsAttn,detail,-0.113029121589823,-0.421612421469845,0.219016712241794,0.50536565119745,39,0.992872986330961,network,open_aec
auc_degree,alpha,DorsAttn,communication,0.152083659015447,-0.180853091001009,0.453748006462384,0.368876339856113,39,0.992872986330961,network,open_aec
auc_degree,alpha,DorsAttn,imagination,-0.280605386495892,-0.554237001735234,0.0477617794529235,0.0925182543055449,39,0.992872986330961,network,open_aec
auc_degree,alpha,SalVentAttn,total,0.0015206900822352,-0.322662819521356,0.325384880095509,0.992872986330961,39,0.992872986330961,network,open_aec
auc_degree,alpha,SalVentAttn,social,0.00375327436246078,-0.320661219160967,0.327379651085766,0.982410679337439,39,0.992872986330961,network,open_aec
auc_degree,alpha,SalVentAttn,switching,0.0326247765448408,-0.294513108997741,0.352918515050663,0.847986311153359,39,0.992872986330961,network,open_aec
auc_degree,alpha,SalVentAttn,detail,-0.112691395419429,-0.421331105204839,0.219342362103147,0.506646730767821,39,0.992872986330961,network,open_aec
auc_degree,alpha,SalVentAttn,communication,-0.0226643282426729,-0.344161396877316,0.303589693613116,0.894077192320286,39,0.992872986330961,network,open_aec
auc_degree,alpha,SalVentAttn,imagination,0.139049934448153,-0.193701940903058,0.443109878617112,0.411773907128406,39,0.992872986330961,network,open_aec
auc_degree,alpha,Limbic,total,-0.0180089280131801,-0.340049148012306,0.307811777039675,0.915746866756742,39,0.992872986330961,network,open_aec
auc_degree,alpha,Limbic,social,0.00323991792399579,-0.321121720228514,0.326921232256598,0.984816169837904,39,0.992872986330961,network,open_aec
auc_degree,alpha,Limbic,switching,-0.00544260692933695,-0.328887122401988,0.319144737418278,0.974495981163172,39,0.992872986330961,network,open_aec
auc_degree,alpha,Limbic,detail,-0.0523361636546823,-0.370084713389611,0.2763751825001,0.758361739058891,39,0.992872986330961,network,open_aec
auc_degree,alpha,Limbic,communication,-0.0341810153717706,-0.354281693484502,0.293089615329782,0.840825743457188,39,0.992872986330961,network,open_aec
auc_degree,alpha,Limbic,imagination,0.0515796052053133,-0.277075697113582,0.36942982400158,0.761752860210845,39,0.992872986330961,network,open_aec
auc_degree,alpha,Cont,total,-0.152259614040254,-0.453891035172417,0.180678850799603,0.368316081204277,39,0.992872986330961,network,open_aec
auc_degree,alpha,Cont,social,-0.0903200427917107,-0.40256318585184,0.24075025252629,0.5949840807977,39,0.992872986330961,network,open_aec
auc_degree,alpha,Cont,switching,-0.200821527626862,-0.492780292764141,0.131777927401005,0.233335238441233,39,0.992872986330961,network,open_aec
auc_degree,alpha,Cont,detail,0.216383575881781,-0.115757088991626,0.505000687964298,0.198325355123804,39,0.992872986330961,network,open_aec
auc_degree,alpha,Cont,communication,-0.154256429078246,-0.455513099552882,0.178700030970687,0.361993569966557,39,0.992872986330961,network,open_aec
auc_degree,alpha,Cont,imagination,-0.239383078512251,-0.522852062555256,0.0917588041621476,0.153586630446439,39,0.992872986330961,network,open_aec
auc_degree,alpha,Default,total,0.0681225460075715,-0.261678093195399,0.383677998006333,0.688702203154151,39,0.992872986330961,network,open_aec
auc_degree,alpha,Default,social,0.061684778196973,-0.267690167527764,0.378151049658874,0.716842992986013,39,0.992872986330961,network,open_aec
auc_degree,alpha,Default,switching,-0.00419996173385654,-0.327778411622644,0.320260398070855,0.980317711093109,39,0.992872986330961,network,open_aec
auc_degree,alpha,Default,detail,-0.0978613998493756,-0.408919296654385,0.233569490763148,0.564464762027485,39,0.992872986330961,network,open_aec
auc_degree,alpha,Default,communication,0.115728677210313,-0.216411024920838,0.423858941252868,0.495184523810007,39,0.992872986330961,network,open_aec
auc_degree,alpha,Default,imagination,0.152322058203227,-0.180617010180659,0.453941790475487,0.368117374500366,39,0.992872986330961,network,open_aec
auc_degree,beta,Vis,total,0.123125625912622,-0.209246952765048,0.429995178308197,0.467834020554526,39,0.954048392688045,network,open_aec
auc_degree,beta,Vis,social,-0.0830713717944476,-0.396425249802866,0.247618331238847,0.624978712276222,39,0.954048392688045,network,open_aec
auc_degree,beta,Vis,switching,-0.0194536875961484,-0.341326665034182,0.306502865011983,0.909014743103984,39,0.9982050031588,network,open_aec
auc_degree,beta,Vis,detail,0.539142719226659,0.260653114856449,0.734800863961952,0.000575106486800871,39,0.0241544724456366,network,open_aec
auc_degree,beta,Vis,communication,-0.118095523367013,-0.425825472157446,0.214122578548101,0.486345204106773,39,0.954048392688045,network,open_aec
auc_degree,beta,Vis,imagination,0.0331154401788941,-0.294064454979794,0.353348455854469,0.845727345442385,39,0.9982050031588,network,open_aec
auc_degree,beta,SomMot,total,-0.113089831854931,-0.421662985090731,0.218958164990668,0.505135535166429,39,0.954048392688045,network,open_aec
auc_degree,beta,SomMot,social,0.00732061030655974,-0.317456936162188,0.330561021085616,0.965700191563868,39,0.9982050031588,network,open_aec
auc_degree,beta,SomMot,switching,-0.0645710094794047,-0.380631728188149,0.264997954620646,0.704178575555461,39,0.954048392688045,network,open_aec
auc_degree,beta,SomMot,detail,-0.428286017329751,-0.660631313960842,-0.121061880035309,0.008180311987047,39,0.171786551727987,network,open_aec
auc_degree,beta,SomMot,communication,0.0809459078476886,-0.249625915683918,0.394620149880617,0.633890561256004,39,0.954048392688045,network,open_aec
auc_degree,beta,SomMot,imagination,0.148475985429333,-0.18442100367796,0.450812003508653,0.380475005408167,39,0.954048392688045,network,open_aec
auc_degree,beta,DorsAttn,total,-0.211447604253808,-0.501137112079651,0.120857362748096,0.209006162086571,39,0.954048392688045,network,open_aec
auc_degree,beta,DorsAttn,social,-0.169103969494992,-0.467511730433095,0.163901333164421,0.317047332593193,39,0.954048392688045,network,open_aec
auc_degree,beta,DorsAttn,switching,-0.0125703943567582,-0.335229486215384,0.312727903113759,0.941136784778033,39,0.9982050031588,network,open_aec
auc_degree,beta,DorsAttn,detail,-0.272583352698184,-0.548189733024826,0.0564248156819419,0.10263163797464,39,0.954048392688045,network,open_aec
auc_degree,beta,DorsAttn,communication,-0.0974704745875462,-0.408590551638357,0.233942614216906,0.56602893751255,39,0.954048392688045,network,open_aec
auc_degree,beta,DorsAttn,imagination,0.000382993706174742,-0.32368169542616,0.324367260383045,0.9982050031588,39,0.9982050031588,network,open_aec
auc_degree,beta,SalVentAttn,total,-0.148960185838105,-0.451206436745998,0.183942648969339,0.378905977051307,39,0.954048392688045,network,open_aec
auc_degree,beta,SalVentAttn,social,0.054880966563314,-0.274016325605986,0.372285221240309,0.746988096710181,39,0.980421876932112,network,open_aec
auc_degree,beta,SalVentAttn,switching,-0.096178327603736,-0.407503357789665,0.235175225669154,0.571213200793043,39,0.954048392688045,network,open_aec
auc_degree,beta,SalVentAttn,detail,-0.327729702440332,-0.589187005559054,-0.00414539129449599,0.047686865770425,39,0.66761612078595,network,open_aec
auc_degree,beta,SalVentAttn,communication,0.118938973014458,-0.21330618514932,0.426525563478477,0.483215064961998,39,0.954048392688045,network,open_aec
auc_degree,beta,SalVentAttn,imagination,-0.211997088312592,-0.501567786526627,0.120290454704821,0.20779783066432,39,0.954048392688045,network,open_aec
auc_degree,beta,Limbic,total,0.0683541179734992,-0.26146135585643,0.383876386701305,0.687697326352266,39,0.954048392688045,network,open_aec
auc_degree,beta,Limbic,social,0.137973988980921,-0.194757548540719,0.44222784862518,0.415436978681423,39,0.954048392688045,network,open_aec
auc_degree,beta,Limbic,switching,-0.00544103242724976,-0.328885718166347,0.3191461515932,0.9745033568664,39,0.9982050031588,network,open_aec
auc_degree,beta,Limbic,detail,0.124931118944611,-0.207492867547256,0.431488656715129,0.461281960473758,39,0.954048392688045,network,open_aec
auc_degree,beta,Limbic,communication,-0.0487327545625617,-0.366962710898096,0.279708533528057,0.77455207010879,39,0.985793543774824,network,open_aec
auc_degree,beta,Limbic,imagination,-0.0729021348405369,-0.387766797256872,0.257197935629506,0.668070555788443,39,0.954048392688045,network,open_aec
auc_degree,beta,Cont,total,-0.0122020184586846,-0.334902417404728,0.313060265003139,0.942858907401013,39,0.9982050031588,network,open_aec
auc_degree,beta,Cont,social,0.00140147870527275,-0.322769615767151,0.325278285899334,0.993431681351017,39,0.9982050031588,network,open_aec
auc_degree,beta,Cont,switching,0.103548447201103,-0.228130356800638,0.413692654104716,0.541937807031898,39,0.954048392688045,network,open_aec
auc_degree,beta,Cont,detail,-0.202411588776148,-0.49403422353911,0.13014892012855,0.229577606468622,39,0.954048392688045,network,open_aec
auc_degree,beta,Cont,communication,0.0104852113606218,-0.31460817954516,0.333377094599288,0.950888065396602,39,0.9982050031588,network,open_aec
auc_degree,beta,Cont,imagination,0.0684542682767144,-0.261367610932768,0.383962176872879,0.687262900199413,39,0.954048392688045,network,open_aec
auc_degree,beta,Default,total,0.119093610794651,-0.213156457503535,0.42665387802226,0.482642323359075,39,0.954048392688045,network,open_aec
auc_degree,beta,Default,social,0.226230840340706,-0.105529446480406,0.512674122807142,0.178170622279862,39,0.954048392688045,network,open_aec
auc_degree,beta,Default,switching,0.118724945901416,-0.213513390623282,0.426347948729924,0.484008352424924,39,0.954048392688045,network,open_aec
auc_degree,beta,Default,detail,-0.18574282280708,-0.480828565863233,0.147137182683467,0.271043312304311,39,0.954048392688045,network,open_aec
auc_degree,beta,Default,communication,0.209741504994812,-0.12261618166134,0.499798991002917,0.212788917436352,39,0.954048392688045,network,open_aec
auc_degree,beta,Default,imagination,-0.107311581660991,-0.416841850765379,0.224519849542632,0.527271574914182,39,0.954048392688045,network,open_aec
auc_degree,gamma,Vis,total,-0.0256513664952365,-0.346793453595445,0.300873919196127,0.880212037476961,39,0.960059188834218,network,open_aec
auc_degree,gamma,Vis,social,-0.0674279645776154,-0.38308277236604,0.262327979912477,0.691719397061658,39,0.915833581740236,network,open_aec
auc_degree,gamma,Vis,switching,-0.0692874226013579,-0.38467565760478,0.260587501954343,0.683652730796118,39,0.915833581740236,network,open_aec
auc_degree,gamma,Vis,detail,0.302840798734797,-0.0234886082041678,0.570849124964834,0.0684651620968836,39,0.718884202017277,network,open_aec
auc_degree,gamma,Vis,communication,-0.307406251778993,-0.574233047299933,0.0184566868899804,0.0641982521750124,39,0.718884202017277,network,open_aec
auc_degree,gamma,Vis,imagination,0.0886350580507349,-0.242349730208224,0.401138896589846,0.601900234958,39,0.915833581740236,network,open_aec
auc_degree,gamma,SomMot,total,0.0824927813268778,-0.248165114176102,0.395934108209141,0.627399561651531,39,0.915833581740236,network,open_aec
auc_degree,gamma,SomMot,social,0.133247968854421,-0.199385125865554,0.438346607476005,0.431743182999951,39,0.915833581740236,network,open_aec
auc_degree,gamma,SomMot,switching,0.0419180551422268,-0.285990930745109,0.361038774477184,0.805423479958035,39,0.915833581740236,network,open_aec
auc_degree,gamma,SomMot,detail,-0.18101728017669,-0.477060288609607,0.151917834620762,0.283638508812179,39,0.915833581740236,network,open_aec
auc_degree,gamma,SomMot,communication,0.352490788352337,0.0321367928738517,0.607167296151305,0.0323759588837896,39,0.679895136559582,network,open_aec
auc_degree,gamma,SomMot,imagination,-0.169789254249917,-0.468062882527418,0.163214664886387,0.315061307678444,39,0.915833581740236,network,open_aec
auc_degree,gamma,DorsAttn,total,-0.184077559481573,-0.479501881891101,0.148823642822243,0.275439288196308,39,0.915833581740236,network,open_aec
auc_degree,gamma,DorsAttn,social,0.0774508423009622,-0.252920975880363,0.391646610363547,0.648655554712836,39,0.915833581740236,network,open_aec
auc_degree,gamma,DorsAttn,switching,-0.168606297689885,-0.467111323817268,0.164399807527908,0.318494546673053,39,0.915833581740236,network,open_aec
auc_degree,gamma,DorsAttn,detail,-0.367991045559072,-0.618291632817223,-0.0499187421899551,0.025035199906058,39,0.679895136559582,network,open_aec
auc_degree,gamma,DorsAttn,communication,0.0842799929957452,-0.246475472978053,0.397450620177753,0.619934273742064,39,0.915833581740236,network,open_aec
auc_degree,gamma,DorsAttn,imagination,-0.175091322816634,-0.472319333944722,0.157890964989335,0.299960398874719,39,0.915833581740236,network,open_aec
auc_degree,gamma,SalVentAttn,total,-0.0521764602347149,-0.369946497783856,0.27652308460567,0.759077209784184,39,0.915833581740236,network,open_aec
auc_degree,gamma,SalVentAttn,social,-0.125023385575442,-0.43156493326809,0.207403170576303,0.460948451171633,39,0.915833581740236,network,open_aec
auc_degree,gamma,SalVentAttn,switching,0.0564238167600685,-0.272584280351601,0.37361759867005,0.740117943607097,39,0.915833581740236,network,open_aec
auc_degree,gamma,SalVentAttn,detail,-0.0857729687880314,-0.398716152587378,0.245062461154353,0.613726578852159,39,0.915833581740236,network,open_aec
auc_degree,gamma,SalVentAttn,communication,0.0796741510064267,-0.250825782801587,0.393538921665725,0.639247397526726,39,0.915833581740236,network,open_aec
auc_degree,gamma,SalVentAttn,imagination,-0.0575799808914936,-0.374615183839793,0.271510193665056,0.734982596090934,39,0.915833581740236,network,open_aec
auc_degree,gamma,Limbic,total,0.110613498058085,-0.221344332090791,0.419598968102375,0.514564482742713,39,0.915833581740236,network,open_aec
auc_degree,gamma,Limbic,social,-0.0825597984897985,-0.395991005499966,0.248101792012818,0.627118961583397,39,0.915833581740236,network,open_aec
auc_degree,gamma,Limbic,switching,0.154681628049853,-0.178278315739258,0.455858241519613,0.360655713906313,39,0.915833581740236,network,open_aec
auc_degree,gamma,Limbic,detail,0.0773999892214233,-0.252968862387304,0.391603296975576,0.648871380456107,39,0.915833581740236,network,open_aec
auc_degree,gamma,Limbic,communication,0.0232225591911263,-0.30308256010827,0.344653671526412,0.891483532488917,39,0.960059188834218,network,open_aec
auc_degree,gamma,Limbic,imagination,0.192725554714563,-0.140044433250195,0.486376904832965,0.253112962946857,39,0.915833581740236,network,open_aec
auc_degree,gamma,Cont,total,0.0881195830576111,-0.242838687516959,0.400702872200891,0.604022945891283,39,0.915833581740236,network,open_aec
auc_degree,gamma,Cont,social,0.0754072969642897,-0.25484403503598,0.389904952615658,0.657350627560207,39,0.915833581740236,network,open_aec
auc_degree,gamma,Cont,switching,0.0127327624316094,-0.312581383541127,0.335373622783922,0.940377812434161,39,0.98739670305587,network,open_aec
auc_degree,gamma,Cont,detail,0.193912675966326,-0.138835202009377,0.487317818195307,0.250145190111304,39,0.915833581740236,network,open_aec
auc_degree,gamma,Cont,communication,-0.00266978278445452,-0.326411932397513,0.321632974332298,0.987487868361207,39,0.987487868361207,network,open_aec
auc_degree,gamma,Cont,imagination,-0.0765339851434205,-0.390865476477851,0.253784098697861,0.652551109014851,39,0.915833581740236,network,open_aec
auc_degree,gamma,Default,total,0.0833350959939033,-0.247369035148996,0.396649054909899,0.623876558502159,39,0.915833581740236,network,open_aec
auc_degree,gamma,Default,social,-0.00280390372959164,-0.326531759111278,0.321512721812262,0.986859353832007,39,0.987487868361207,network,open_aec
auc_degree,gamma,Default,switching,0.120991408450682,-0.211317647747789,0.42822761506446,0.475642156547706,39,0.915833581740236,network,open_aec
auc_degree,gamma,Default,detail,-0.0416144987337983,-0.360774296000391,0.286270121811038,0.806805774390208,39,0.915833581740236,network,open_aec
auc_degree,gamma,Default,communication,0.0468623021175573,-0.281435688378263,0.365339314957167,0.782993718327727,39,0.915833581740236,network,open_aec
auc_degree,gamma,Default,imagination,0.142174701244282,-0.190631864996633,0.445668141889186,0.401240077612302,39,0.915833581740236,network,open_aec
auc_cc,theta,Vis,total,-0.0678074980460869,-0.383408048291475,0.26197290561256,0.690070157128412,39,0.950019776713548,network,open_aec
auc_cc,theta,Vis,social,-0.261794250567967,-0.540010861175126,0.0679984235944468,0.117532545006855,39,0.950019776713548,network,open_aec
auc_cc,theta,Vis,switching,0.132217607871095,-0.20039205843792,0.43749891067748,0.43534472190602,39,0.950019776713548,network,open_aec
auc_cc,theta,Vis,detail,-0.0172552460633445,-0.33938223872373,0.308494102801687,0.919261111762942,39,0.965224167351089,network,open_aec
auc_cc,theta,Vis,communication,0.0745285922500686,-0.255670129509988,0.38915536424806,0.661103189498213,39,0.950019776713548,network,open_aec
auc_cc,theta,Vis,imagination,-0.0917253982449778,-0.403749953991394,0.239414837174513,0.589242383685974,39,0.950019776713548,network,open_aec
auc_cc,theta,SomMot,total,-0.0776175446668371,-0.391788586971619,0.252763986936444,0.647948250540082,39,0.950019776713548,network,open_aec
auc_cc,theta,SomMot,social,-0.140976053075837,-0.444687387937703,0.191810304132358,0.405262385714917,39,0.950019776713548,network,open_aec
auc_cc,theta,SomMot,switching,0.0530243396230204,-0.275737681269937,0.370680135629079,0.755280983479874,39,0.950019776713548,network,open_aec
auc_cc,theta,SomMot,detail,0.167105741775736,-0.165901754429976,0.465903295653097,0.322883114413844,39,0.950019776713548,network,open_aec
auc_cc,theta,SomMot,communication,-0.250882947361921,-0.531685564370274,0.0796135345840754,0.134196990824797,39,0.950019776713548,network,open_aec
auc_cc,theta,SomMot,imagination,-0.0515447046960969,-0.369399605928785,0.277108003857927,0.761909400899993,39,0.950019776713548,network,open_aec
auc_cc,theta,DorsAttn,total,0.0252310077201774,-0.301256424128269,0.346423356079789,0.882161221234009,39,0.950019776713548,network,open_aec
auc_cc,theta,DorsAttn,social,-0.17691438513547,-0.473779675745952,0.156055981859115,0.294876624464042,39,0.950019776713548,network,open_aec
auc_cc,theta,DorsAttn,switching,0.15333269102963,-0.179615779265601,0.454762971859158,0.364910271924749,39,0.950019776713548,network,open_aec
auc_cc,theta,DorsAttn,detail,0.294662817472291,-0.0324610150568807,0.564764742213669,0.0766625132195341,39,0.950019776713548,network,open_aec
auc_cc,theta,DorsAttn,communication,-0.156841917474741,-0.4576103908882,0.176133834911851,0.353904470250169,39,0.950019776713548,network,open_aec
auc_cc,theta,DorsAttn,imagination,-0.0477945039927723,-0.366148630267842,0.280575169410575,0.778783423375163,39,0.950019776713548,network,open_aec
auc_cc,theta,SalVentAttn,total,-0.0614560800426912,-0.377954292027233,0.267903272437871,0.717849735087566,39,0.950019776713548,network,open_aec
auc_cc,theta,SalVentAttn,social,-0.0292096724175045,-0.349922300723565,0.297631829146906,0.863741247316564,39,0.950019776713548,network,open_aec
auc_cc,theta,SalVentAttn,switching,0.0313364741798818,-0.295690423552283,0.351789004349728,0.853923167466847,39,0.950019776713548,network,open_aec
auc_cc,theta,SalVentAttn,detail,0.0875478001719553,-0.243380859405836,0.400219053013294,0.606381284664816,39,0.950019776713548,network,open_aec
auc_cc,theta,SalVentAttn,communication,-0.216507929513732,-0.505097875224239,0.115628369458063,0.198061296207975,39,0.950019776713548,network,open_aec
auc_cc,theta,SalVentAttn,imagination,-0.0763069622183457,-0.390671990021778,0.253997735245737,0.653517093518357,39,0.950019776713548,network,open_aec
auc_cc,theta,Limbic,total,-0.000890524213126429,-0.324821316919758,0.323227264000965,0.995826347949524,39,0.995826347949524,network,open_aec
auc_cc,theta,Limbic,social,0.0445870308334177,-0.283533784787899,0.363361955267895,0.79329532639083,39,0.950019776713548,network,open_aec
auc_cc,theta,Limbic,switching,0.189325025837009,-0.143502810974737,0.483677867654544,0.261743601574311,39,0.950019776713548,network,open_aec
auc_cc,theta,Limbic,detail,-0.0628462564595695,-0.379149871996599,0.266607384269769,0.711737393004814,39,0.950019776713548,network,open_aec
auc_cc,theta,Limbic,communication,-0.256656356839821,-0.53609743179022,0.0734788846285993,0.125174534698378,39,0.950019776713548,network,open_aec
auc_cc,theta,Limbic,imagination,0.0616593163662209,-0.267713894897927,0.378129145301664,0.71695505415298,39,0.950019776713548,network,open_aec
auc_cc,theta,Cont,total,-0.0301681589660653,-0.350763884137203,0.296757229645983,0.859313947947298,39,0.950019776713548,network,open_aec
auc_cc,theta,Cont,social,-0.152858002158937,-0.454377331144932,0.180086138031312,0.366414546461376,39,0.950019776713548,network,open_aec
auc_cc,theta,Cont,switching,0.139375532079079,-0.193382345880398,0.443376678467635,0.410669028486192,39,0.950019776713548,network,open_aec
auc_cc,theta,Cont,detail,0.188620489636997,-0.144218317430879,0.483117968551117,0.263555763386659,39,0.950019776713548,network,open_aec
auc_cc,theta,Cont,communication,-0.193253309638319,-0.486795287959457,0.139506971483014,0.251790706374328,39,0.950019776713548,network,open_aec
auc_cc,theta,Cont,imagination,-0.0830470415323104,-0.396404600458379,0.247641328208579,0.625080433557081,39,0.950019776713548,network,open_aec
auc_cc,theta,Default,total,0.053010286050694,-0.275750702882477,0.3706679788364,0.755343860032633,39,0.950019776713548,network,open_aec
auc_cc,theta,Default,social,0.0122852933071312,-0.31298513842981,0.33497636119941,0.942469582703364,39,0.965456645696129,network,open_aec
auc_cc,theta,Default,switching,0.186089689301102,-0.146785657268818,0.481104737952031,0.270133470283756,39,0.950019776713548,network,open_aec
auc_cc,theta,Default,detail,0.0325755592209208,-0.294558104478474,0.352875381226623,0.848212968959203,39,0.950019776713548,network,open_aec
auc_cc,theta,Default,communication,-0.16498489296788,-0.46419399653883,0.168021937578625,0.329149784194054,39,0.950019776713548,network,open_aec
auc_cc,theta,Default,imagination,0.0738912753462996,-0.256268987119493,0.388611433488759,0.663830002577811,39,0.950019776713548,network,open_aec
auc_cc,alpha,Vis,total,-0.196628731167514,-0.489468006411083,0.136064823467077,0.243442834276184,39,0.841407166275796,network,open_aec
auc_cc,alpha,Vis,social,-0.229633996972754,-0.515315419429023,0.101978437754073,0.171556825486505,39,0.800598518937023,network,open_aec
auc_cc,alpha,Vis,switching,0.0207344171298987,-0.305341528024002,0.342458146363783,0.903052153632919,39,0.948204761314565,network,open_aec
auc_cc,alpha,Vis,detail,-0.0147040966055545,-0.337122401463112,0.310801232534673,0.931167345727331,39,0.953878744403607,network,open_aec
auc_cc,alpha,Vis,communication,-0.0808394495634602,-0.394529673978266,0.249726395051522,0.634338281850324,39,0.906043098197496,network,open_aec
auc_cc,alpha,Vis,imagination,-0.275835784621873,-0.550644999754388,0.0529184583977038,0.0984345250160009,39,0.800598518937023,network,open_aec
auc_cc,alpha,SomMot,total,-0.109549342237988,-0.418711014677182,0.222368520896025,0.518643086194913,39,0.902137002790204,network,open_aec
auc_cc,alpha,SomMot,social,-0.0645190663078141,-0.38058712386365,0.265046451512792,0.704405815719005,39,0.906043098197496,network,open_aec
auc_cc,alpha,SomMot,switching,-0.0422303884457252,-0.3613108463939,0.285703609150196,0.804001825311031,39,0.915591544898005,network,open_aec
auc_cc,alpha,SomMot,detail,0.0940139067421364,-0.237237535931938,0.405680265900145,0.579945216079417,39,0.902137002790204,network,open_aec
auc_cc,alpha,SomMot,communication,-0.111654852564346,-0.420467323528047,0.220341378805045,0.510588766462881,39,0.902137002790204,network,open_aec
auc_cc,alpha,SomMot,imagination,-0.237203659074131,-0.521171074023328,0.0940494862495124,0.157479788251465,39,0.800598518937023,network,open_aec
auc_cc,alpha,DorsAttn,total,-0.10040835131836,-0.411059157486438,0.231136129446586,0.554322894254944,39,0.902137002790204,network,open_aec
auc_cc,alpha,DorsAttn,social,-0.0724288108727609,-0.387362434403755,0.257642240786452,0.670103347398076,39,0.906043098197496,network,open_aec
auc_cc,alpha,DorsAttn,switching,0.126988295884642,-0.20549165582292,0.433188278871344,0.45387672677968,39,0.902137002790204,network,open_aec
auc_cc,alpha,DorsAttn,detail,-0.113701434705935,-0.422172262346607,0.218368219211657,0.502820265764532,39,0.902137002790204,network,open_aec
auc_cc,alpha,DorsAttn,communication,-0.066600357521577,-0.38237320721539,0.263101942008453,0.695320558698376,39,0.906043098197496,network,open_aec
auc_cc,alpha,DorsAttn,imagination,-0.206251686543388,-0.497057550736604,0.126207347114874,0.220673138796122,39,0.841407166275796,network,open_aec
auc_cc,alpha,SalVentAttn,total,-0.115436474193018,-0.423615958198126,0.216693296078763,0.496281458512954,39,0.902137002790204,network,open_aec
auc_cc,alpha,SalVentAttn,social,-0.0416613149006615,-0.36081508869818,0.286227067034603,0.806592551457766,39,0.915591544898005,network,open_aec
auc_cc,alpha,SalVentAttn,switching,0.0660929345836553,-0.263576264349502,0.381937973953029,0.697531766215411,39,0.906043098197496,network,open_aec
auc_cc,alpha,SalVentAttn,detail,-0.0548602185866914,-0.372267294744954,0.274035573563862,0.747080617806247,39,0.915591544898005,network,open_aec
auc_cc,alpha,SalVentAttn,communication,-0.105937992554146,-0.415693216784696,0.225838784561537,0.532602398728104,39,0.902137002790204,network,open_aec
auc_cc,alpha,SalVentAttn,imagination,-0.256605786570314,-0.536058853656532,0.0735327277426516,0.125251548567572,39,0.800598518937023,network,open_aec
auc_cc,alpha,Limbic,total,-0.0628112701885523,-0.379119796041483,0.266640012227223,0.711891005726604,39,0.906043098197496,network,open_aec
auc_cc,alpha,Limbic,social,0.026977629406428,-0.299666398921649,0.34796048340696,0.874066819954383,39,0.941302729181643,network,open_aec
auc_cc,alpha,Limbic,switching,-0.000149903031804625,-0.324158678356535,0.323890349497499,0.999297441059572,39,0.999297441059572,network,open_aec
auc_cc,alpha,Limbic,detail,0.12106379238715,-0.211247467069216,0.428287602126795,0.475376221813748,39,0.902137002790204,network,open_aec
auc_cc,alpha,Limbic,communication,-0.189835577900487,-0.484083455922346,0.142984091637012,0.260435551466318,39,0.841407166275796,network,open_aec
auc_cc,alpha,Limbic,imagination,-0.210118490751989,-0.500094786213295,0.122227726381293,0.211949025597517,39,0.841407166275796,network,open_aec
auc_cc,alpha,Cont,total,-0.306428745196576,-0.573509283837693,0.0195354593519584,0.0650936989142915,39,0.68348383860006,network,open_aec
auc_cc,alpha,Cont,social,-0.372392379768932,-0.621432237698941,-0.0550049966696342,0.0232224432622209,39,0.487012321541252,network,open_aec
auc_cc,alpha,Cont,switching,0.035103029551726,-0.292245562738504,0.35508868524554,0.83658926679519,39,0.924651294878894,network,open_aec
auc_cc,alpha,Cont,detail,0.138234887358479,-0.194501652508549,0.442441779878268,0.414547059995992,39,0.902137002790204,network,open_aec
auc_cc,alpha,Cont,communication,-0.434221039694042,-0.664720534751113,-0.128239609735911,0.00724719923644181,39,0.304382367930556,network,open_aec
auc_cc,alpha,Cont,imagination,-0.237715809528695,-0.521566294357055,0.0935115048179816,0.156558556796026,39,0.800598518937023,network,open_aec
auc_cc,alpha,Default,total,-0.159694007460336,-0.459920067849947,0.17329776679282,0.345109133264986,39,0.902137002790204,network,open_aec
auc_cc,alpha,Default,social,-0.134733458316459,-0.439567792176743,0.197932176098236,0.426579968427546,39,0.902137002790204,network,open_aec
auc_cc,alpha,Default,switching,0.0480495472849105,-0.280339646010779,0.36636996886267,0.777632594357926,39,0.915591544898005,network,open_aec
auc_cc,alpha,Default,detail,0.0975385331836092,-0.233877661865313,0.408647790695063,0.565756477524295,39,0.902137002790204,network,open_aec
auc_cc,alpha,Default,communication,-0.348032852163328,-0.603949298724925,-0.0270599096026732,0.0347865943958037,39,0.487012321541252,network,open_aec
auc_cc,alpha,Default,imagination,-0.145367388196469,-0.448276901829206,0.18748831922391,0.390638872743723,39,0.902137002790204,network,open_aec
auc_cc,beta,Vis,total,-0.0439393421041842,-0.362798545733557,0.28413046430325,0.796234228841388,39,0.955537126113786,network,open_aec
auc_cc,beta,Vis,social,-0.100082424316931,-0.410785515732508,0.231447752209282,0.555615951434411,39,0.955537126113786,network,open_aec
auc_cc,beta,Vis,switching,-0.128216204086193,-0.434201729427386,0.204295826094592,0.44948737264416,39,0.955537126113786,network,open_aec
auc_cc,beta,Vis,detail,0.260197743253877,-0.0697035115434018,0.538796120841605,0.119868656749874,39,0.955537126113786,network,open_aec
auc_cc,beta,Vis,communication,-0.175303683447765,-0.472489526843291,0.157677334030092,0.299365353539293,39,0.955537126113786,network,open_aec
auc_cc,beta,Vis,imagination,0.0496091133674208,-0.278898581617476,0.367722650628745,0.770605612184648,39,0.955537126113786,network,open_aec
auc_cc,beta,SomMot,total,0.0344384339587622,-0.292854014280467,0.354507046764697,0.839642505877303,39,0.955537126113786,network,open_aec
auc_cc,beta,SomMot,social,0.0833301679336209,-0.247373694001091,0.396644873135888,0.623897146435605,39,0.955537126113786,network,open_aec
auc_cc,beta,SomMot,switching,0.0133225446200098,-0.312049038829076,0.335897054203103,0.93762137869732,39,0.960490192811889,network,open_aec
auc_cc,beta,SomMot,detail,0.0853880280096442,-0.245426918982112,0.398389968573716,0.615324628288215,39,0.955537126113786,network,open_aec
auc_cc,beta,SomMot,communication,-0.140147319680823,-0.444008878334313,0.192624504507818,0.408056792696821,39,0.955537126113786,network,open_aec
auc_cc,beta,SomMot,imagination,0.0343717976026419,-0.292915006678328,0.354448714522543,0.839948770125515,39,0.955537126113786,network,open_aec
auc_cc,beta,DorsAttn,total,0.153613533842254,-0.179337426602275,0.454991077409113,0.364022029449109,39,0.955537126113786,network,open_aec
auc_cc,beta,DorsAttn,social,0.0861253864493652,-0.244728713858671,0.399014708351094,0.61226508348394,39,0.955537126113786,network,open_aec
auc_cc,beta,DorsAttn,switching,0.133673850759134,-0.198968722411663,0.438696829830535,0.430259387028927,39,0.955537126113786,network,open_aec
auc_cc,beta,DorsAttn,detail,0.0881681638194247,-0.242792613081595,0.400743971212176,0.603822754541556,39,0.955537126113786,network,open_aec
auc_cc,beta,DorsAttn,communication,-0.0383321292732581,-0.357911195882591,0.289285475830952,0.821788626820402,39,0.955537126113786,network,open_aec
auc_cc,beta,DorsAttn,imagination,0.171867167632716,-0.161130582257489,0.469732662871992,0.309087219317283,39,0.955537126113786,network,open_aec
auc_cc,beta,SalVentAttn,total,0.00555736235702503,-0.319041663324293,0.328989464342191,0.973958418792404,39,0.973958418792404,network,open_aec
auc_cc,beta,SalVentAttn,social,0.0630917871983113,-0.266378382731988,0.379360923746159,0.710659666832781,39,0.955537126113786,network,open_aec
auc_cc,beta,SalVentAttn,switching,-0.0192345728788455,-0.341132991079908,0.306701456187186,0.910035358203605,39,0.955537126113786,network,open_aec
auc_cc,beta,SalVentAttn,detail,0.0213255460549406,-0.304805178118843,0.342980074242664,0.900301825368471,39,0.955537126113786,network,open_aec
auc_cc,beta,SalVentAttn,communication,-0.0813097008652869,-0.394929281436111,0.249282500297125,0.632361562533219,39,0.955537126113786,network,open_aec
auc_cc,beta,SalVentAttn,imagination,0.0198517183236563,-0.306142043520955,0.341678411685654,0.907161123074995,39,0.955537126113786,network,open_aec
auc_cc,beta,Limbic,total,-0.0297257695409609,-0.350375515686173,0.297160969169602,0.861356850501076,39,0.955537126113786,network,open_aec
auc_cc,beta,Limbic,social,-0.100407063120166,-0.411058076051332,0.231137361242434,0.554328002178092,39,0.955537126113786,network,open_aec
auc_cc,beta,Limbic,switching,-0.0316313634246786,-0.352047628950819,0.295421026787164,0.8525635250763,39,0.955537126113786,network,open_aec
auc_cc,beta,Limbic,detail,0.219261733749921,-0.112775020918556,0.50724820767502,0.192276641974715,39,0.955537126113786,network,open_aec
auc_cc,beta,Limbic,communication,-0.101497281849972,-0.411972995866959,0.230094496205783,0.550012998638866,39,0.955537126113786,network,open_aec
auc_cc,beta,Limbic,imagination,-0.0767244284552296,-0.391027765541619,0.253604859990951,0.651741200612963,39,0.955537126113786,network,open_aec
auc_cc,beta,Cont,total,-0.0781282691537164,-0.392223466264106,0.252282913054614,0.645783182581481,39,0.955537126113786,network,open_aec
auc_cc,beta,Cont,social,-0.0697534977002721,-0.385074621752754,0.260150913002312,0.681636171692415,39,0.955537126113786,network,open_aec
auc_cc,beta,Cont,switching,0.0742922812784084,-0.255892209709629,0.388953705549607,0.662113766175865,39,0.955537126113786,network,open_aec
auc_cc,beta,Cont,detail,-0.0361107931285665,-0.355970183900178,0.291322427657044,0.831963971525171,39,0.955537126113786,network,open_aec
auc_cc,beta,Cont,communication,-0.141159574316099,-0.444837595312953,0.191629939225118,0.404645053109885,39,0.955537126113786,network,open_aec
auc_cc,beta,Cont,imagination,-0.0598248730083611,-0.376550073531512,0.269422325332835,0.725043905601905,39,0.955537126113786,network,open_aec
auc_cc,beta,Default,total,-0.140778907714433,-0.444526010538138,0.192004033802101,0.405926146795861,39,0.955537126113786,network,open_aec
auc_cc,beta,Default,social,-0.07198007730052,-0.386978967314896,0.258063334296018,0.672032666495825,39,0.955537126113786,network,open_aec
auc_cc,beta,Default,switching,-0.118167570413369,-0.425885288003724,0.214052860757659,0.486077420331958,39,0.955537126113786,network,open_aec
auc_cc,beta,Default,detail,0.181554677740195,-0.151374953825661,0.477489373399057,0.282187372601462,39,0.955537126113786,network,open_aec
auc_cc,beta,Default,communication,-0.213902054763987,-0.503059750069061,0.118323402836657,0.203646299137656,39,0.955537126113786,network,open_aec
auc_cc,beta,Default,imagination,-0.22252503914414,-0.509791754586721,0.109386649111899,0.185576785548585,39,0.955537126113786,network,open_aec
auc_cc,gamma,Vis,total,0.0438411435823951,-0.284220906947339,0.362713104741381,0.796680049364444,39,0.963049348859718,network,open_aec
auc_cc,gamma,Vis,social,-0.0182984027681789,-0.340305208985922,0.307549619715728,0.9143975276435,39,0.963049348859718,network,open_aec
auc_cc,gamma,Vis,switching,0.0792834030689296,-0.251194238754328,0.393206539270148,0.640896925199703,39,0.963049348859718,network,open_aec
auc_cc,gamma,Vis,detail,0.0745257313406305,-0.255672818342353,0.389152923038252,0.661115420562595,39,0.963049348859718,network,open_aec
auc_cc,gamma,Vis,communication,-0.208035512648148,-0.498459567865971,0.124372805382553,0.21661844570863,39,0.963049348859718,network,open_aec
auc_cc,gamma,Vis,imagination,0.245041886870851,-0.0857946964250855,0.527206437653772,0.143805673092855,39,0.963049348859718,network,open_aec
auc_cc,gamma,SomMot,total,0.0734063410642575,-0.256724487997688,0.388197409697749,0.665907692352546,39,0.963049348859718,network,open_aec
auc_cc,gamma,SomMot,social,-0.109229152405255,-0.418443725971756,0.222676541901655,0.519873400366085,39,0.963049348859718,network,open_aec
auc_cc,gamma,SomMot,switching,0.0955765993083513,-0.235748865897224,0.406996770919061,0.573634764926791,39,0.963049348859718,network,open_aec
auc_cc,gamma,SomMot,detail,0.214106890033283,-0.118111736336623,0.503220073830341,0.203203360957066,39,0.963049348859718,network,open_aec
auc_cc,gamma,SomMot,communication,-0.011856566133177,-0.334595631006939,0.313371872057977,0.944474096775472,39,0.963049348859718,network,open_aec
auc_cc,gamma,SomMot,imagination,0.0354235169851517,-0.2919520548663,0.355369079821373,0.835117743747251,39,0.963049348859718,network,open_aec
auc_cc,gamma,DorsAttn,total,-0.13570775548423,-0.440368126654751,0.196978426471526,0.423212326031348,39,0.963049348859718,network,open_aec
auc_cc,gamma,DorsAttn,social,-0.18542256344925,-0.480573526149605,0.147461668946016,0.271885143820394,39,0.963049348859718,network,open_aec
auc_cc,gamma,DorsAttn,switching,-0.171172193808718,-0.469174429328514,0.161827950120483,0.311077275251094,39,0.963049348859718,network,open_aec
auc_cc,gamma,DorsAttn,detail,0.147161265541924,-0.185719056092313,0.449740427100234,0.384754503652835,39,0.963049348859718,network,open_aec
auc_cc,gamma,DorsAttn,communication,-0.029274257121164,-0.349979024535476,0.297572914150012,0.863442797045898,39,0.963049348859718,network,open_aec
auc_cc,gamma,DorsAttn,imagination,-0.125728310242901,-0.432147547782396,0.206717693786878,0.458404672122707,39,0.963049348859718,network,open_aec
auc_cc,gamma,SalVentAttn,total,0.110576643420504,-0.221379814806767,0.419568225719922,0.514705468928435,39,0.963049348859718,network,open_aec
auc_cc,gamma,SalVentAttn,social,-0.144885768409529,-0.447883698172454,0.187962963106144,0.39222756319527,39,0.963049348859718,network,open_aec
auc_cc,gamma,SalVentAttn,switching,0.00788675320059691,-0.316947727612235,0.33106523596245,0.963049348859717,39,0.963049348859718,network,open_aec
auc_cc,gamma,SalVentAttn,detail,0.301279892529781,-0.0252052130550952,0.569690085985077,0.0699740635297455,39,0.963049348859718,network,open_aec
auc_cc,gamma,SalVentAttn,communication,0.0530401339324872,-0.275723046599313,0.370693798085542,0.755210320611901,39,0.963049348859718,network,open_aec
auc_cc,gamma,SalVentAttn,imagination,0.160831347127503,-0.172165273906424,0.460839975612365,0.341639298550028,39,0.963049348859718,network,open_aec
auc_cc,gamma,Limbic,total,0.237924480836145,-0.0932922534277991,0.521727288571659,0.156184331738578,39,0.963049348859718,network,open_aec
auc_cc,gamma,Limbic,social,0.0493416466212852,-0.279145830388805,0.367490760294733,0.771809483229482,39,0.963049348859718,network,open_aec
auc_cc,gamma,Limbic,switching,0.214489751583952,-0.117716025434649,0.503519684707025,0.202377256526882,39,0.963049348859718,network,open_aec
auc_cc,gamma,Limbic,detail,0.182742366153506,-0.150174434197267,0.478437182116665,0.278997362902192,39,0.963049348859718,network,open_aec
auc_cc,gamma,Limbic,communication,0.113969508521624,-0.218109561452647,0.42239542410681,0.501807145554508,39,0.963049348859718,network,open_aec
auc_cc,gamma,Limbic,imagination,0.105987630552673,-0.225791142796245,0.415734742695789,0.532409303098283,39,0.963049348859718,network,open_aec
auc_cc,gamma,Cont,total,-0.0103376448644175,-0.333245908012463,0.314741148399104,0.951578437682361,39,0.963049348859718,network,open_aec
auc_cc,gamma,Cont,social,-0.0881541083544211,-0.40073208050873,0.242805943565666,0.603880671297222,39,0.963049348859718,network,open_aec
auc_cc,gamma,Cont,switching,-0.106512498034509,-0.416173754723986,0.225287286166065,0.530369604733449,39,0.963049348859718,network,open_aec
auc_cc,gamma,Cont,detail,0.127693691451571,-0.204804809682505,0.433770569757914,0.451352357336253,39,0.963049348859718,network,open_aec
auc_cc,gamma,Cont,communication,0.0193792861771771,-0.306570300748941,0.341260905208767,0.909361281674101,39,0.963049348859718,network,open_aec
auc_cc,gamma,Cont,imagination,0.0607736741222391,-0.268538958625565,0.377367022547841,0.720856504667275,39,0.963049348859718,network,open_aec
auc_cc,gamma,Default,total,0.0513611493136381,-0.277277905388952,0.3692406662391,0.762732862647563,39,0.963049348859718,network,open_aec
auc_cc,gamma,Default,social,-0.126047136298179,-0.432410970947796,0.206407556470595,0.457256639620334,39,0.963049348859718,network,open_aec
auc_cc,gamma,Default,switching,0.0118456031902579,-0.313381759773483,0.334585894008662,0.944525358481051,39,0.963049348859718,network,open_aec
auc_cc,gamma,Default,detail,0.240750257302114,-0.0903200377634023,0.523905444880309,0.151180398504425,39,0.963049348859718,network,open_aec
auc_cc,gamma,Default,communication,-0.0186784538087117,-0.340641318621512,0.307205358572613,0.912626340808162,39,0.963049348859718,network,open_aec
auc_cc,gamma,Default,imagination,0.0746873170939256,-0.255520943593376,0.389290796999709,0.660424738925902,39,0.963049348859718,network,open_aec
